objectid,filename,youtubeid,vimeoid,title,creator,date,description,subject,location,latitude,longitude,source,identifier,type,format,language,rights,rightsstatement
Japan_00001,japan00001.jpg,,,Senso-Ji - Kaminarimon Gate,Sean Murphy,2023:10:05 17:25:35,,Senso-Ji;Asakusa;Tokyo;Kaminarimon Gate;landmark;day,"Asakusa, Tokyo, Japan",,,,,Image;StillImage,image/jpg,eng,In Copyright,
Japan_00002,japan00002.jpg,,,Shibuya Neighborhood,Sean Murphy,2023:09:27 20:56:29,,Shibuya;Tokyo;Neko Neko Inn;neighborhood;night,"Shibuya, Tokyo, Japan",,,,,Image;StillImage,image/jpg,eng,In Copyright,
Japan_00003,japan00003.jpg,,,Vending Machines,Sean Murphy,2023:09:27 20:58:43,,Shibuya;Tokyo;Life & Culture;night,"Shibuya, Tokyo, Japan",,,,,Image;StillImage,image/jpg,eng,In Copyright,
Japan_00004,japan00004.jpg,,,Yoyogi Park,Sean Murphy,2023:09:27 21:16:04,,,"Shibuya, Tokyo, Japan",,,,,Image;StillImage,image/jpg,eng,In Copyright,
Japan_00005,japan00005.jpg,,,Ducks - Yoyogi Park,Sean Murphy,2023:09:27 21:16:17,,Shibuya;Tokyo;Yoyogi Park;wildlife;night,"Shibuya, Tokyo, Japan",,,,,Image;StillImage,image/jpg,eng,In Copyright,
Japan_00006,japan00006.jpg,,,Ducks - Yoyogi Park,Sean Murphy,2023:09:27 21:16:18,,Shibuya;Tokyo;Yoyogi Park;wildlife;night,"Shibuya, Tokyo, Japan",,,,,Image;StillImage,image/jpg,eng,In Copyright,
Japan_00007,japan00007.jpg,,,Shibuya from Yoyogi Park,Sean Murphy,2023:09:27 21:21:54,,Shibuya;Tokyo;Yoyogi Park;night,"Shibuya, Tokyo, Japan",,,,,Image;StillImage,image/jpg,eng,In Copyright,
Japan_00008,japan00008.jpg,,,Goose Island Brewpub,Sean Murphy,2023:09:27 21:30:21,,Shibuya;Tokyo;Life & Culture;night,"Shibuya, Tokyo, Japan",,,,,Image;StillImage,image/jpg,eng,In Copyright,
Japan_00009,japan00009.jpg,,,Shibuya Shopping District,Sean Murphy,2023:09:27 21:52:06,,Shibuya;Tokyo;shopping;night,"Shibuya, Tokyo, Japan",,,,,Image;StillImage,image/jpg,eng,In Copyright,
Japan_00010,japan00010.jpg,,,Shibuya Shopping District,Sean Murphy,2023:09:27 21:52:11,,Shibuya;Tokyo;shopping;night,"Shibuya, Tokyo, Japan",,,,,Image;StillImage,image/jpg,eng,In Copyright,
Japan_00011,japan00011.jpg,,,Hachiko Statue,Sean Murphy,2023:09:27 22:30:10,,Shibuya;Tokyo;landmark;night,"Shibuya, Tokyo, Japan",,,,,Image;StillImage,image/jpg,eng,In Copyright,
Japan_00012,japan00012.jpg,,,Hachiko Statue,Sean Murphy,2023:09:27 22:30:12,,Shibuya;Tokyo;landmark;night,"Shibuya, Tokyo, Japan",,,,,Image;StillImage,image/jpg,eng,In Copyright,
Japan_00013,japan00013.jpg,,,Shibuya Scramble Crossing,Sean Murphy,2023:09:27 22:31:05,,Shibuya;Tokyo;landmark;night,"Shibuya, Tokyo, Japan",,,,,Image;StillImage,image/jpg,eng,In Copyright,
Japan_00014,japan00014.jpg,,,Neko Decaf Coffee,Sean Murphy,2023:09:28 08:09:53,,Shibuya;Tokyo;Neko Neko Inn;Food & Drink,"Shibuya, Tokyo, Japan",,,,,Image;StillImage,image/jpg,eng,In Copyright,
Japan_00015,japan00015.jpg,,,Neko Neko Inn - Main Bedroom,Sean Murphy,2023:09:28 09:25:07,,Shibuya;Tokyo;Neko Neko Inn;hotel,"Shibuya, Tokyo, Japan",,,,,Image;StillImage,image/jpg,eng,In Copyright,
Japan_00016,japan00016.jpg,,,Neko Neko Inn - Starry Ceiling,Sean Murphy,2023:09:28 09:27:04,,Shibuya;Tokyo;Neko Neko Inn;hotel,"Shibuya, Tokyo, Japan",,,,,Image;StillImage,image/jpg,eng,In Copyright,
Japan_00017,japan00017.jpg,,,Neko Neko Inn - Starry Ceiling,Sean Murphy,2023:09:28 09:27:31,,Shibuya;Tokyo;Neko Neko Inn;hotel,"Shibuya, Tokyo, Japan",,,,,Image;StillImage,image/jpg,eng,In Copyright,
Japan_00018,japan00018.jpg,,,Neko Neko Inn – Photo Board,Sean Murphy,2023:09:28 09:54:44,,Shibuya;Tokyo;Neko Neko Inn;hotel,"Shibuya, Tokyo, Japan",,,,,Image;StillImage,image/jpg,eng,In Copyright,
Japan_00019,japan00019.jpg,,,Neko Neko Inn – Photo Board,Sean Murphy,2023:09:28 09:54:49,,Shibuya;Tokyo;Neko Neko Inn;hotel,"Shibuya, Tokyo, Japan",,,,,Image;StillImage,image/jpg,eng,In Copyright,
Japan_00020,japan00020.jpg,,,Shibya Scramble Crossing,Sean Murphy,2023:09:28 14:57:44,,Shibuya;Tokyo;landmark;day,"Shibuya, Tokyo, Japan",,,,,Image;StillImage,image/jpg,eng,In Copyright,
Japan_00021,japan00021.jpg,,,Ekiben,Sean Murphy,2023:09:28 17:56:41,,Shinkansen;transit;ekiben;Food & Drink,Japan,,,,,Image;StillImage,image/jpg,eng,In Copyright,
Japan_00022,japan00022.jpg,,,Tram to Unazuki,Sean Murphy,2023:09:29 09:40:43,,transit,Japan,,,,,Image;StillImage,image/jpg,eng,In Copyright,
Japan_00023,japan00023.jpg,,,Unazuki Street,Sean Murphy,2023:09:29 11:25:01,,Unazuki;Kurobe Gorge;day,"Unazuki, Japan",,,,,Image;StillImage,image/jpg,eng,In Copyright,
Japan_00024,japan00024.jpg,,,Unazuki Station,Sean Murphy,2023:09:29 11:40:14,,Unazuki;Kurobe Gorge;day,"Unazuki, Japan",,,,,Image;StillImage,image/jpg,eng,In Copyright,
Japan_00025,japan00025.jpg,,,Unazuki Station,Sean Murphy,2023:09:29 11:40:33,,Unazuki;Kurobe Gorge;day,"Unazuki, Japan",,,,,Image;StillImage,image/jpg,eng,In Copyright,
Japan_00026,japan00026.jpg,,,Kurobe Gorge,Sean Murphy,2023:09:29 14:22:07,,Kurobe Gorge;day,"Kurobe Gorge, Japan",,,,,Image;StillImage,image/jpg,eng,In Copyright,
Japan_00027,japan00027.jpg,,,Kurobe Gorge,Sean Murphy,2023:09:29 14:22:09,,Kurobe Gorge;day,"Kurobe Gorge, Japan",,,,,Image;StillImage,image/jpg,eng,In Copyright,
Japan_00028,japan00028.jpg,,,Kurobe Gorge,Sean Murphy,2023:09:29 14:22:22,,Kurobe Gorge;day,"Kurobe Gorge, Japan",,,,,Image;StillImage,image/jpg,eng,In Copyright,
Japan_00029,japan00029.jpg,,,Kurobe Gorge,Sean Murphy,2023:09:29 14:22:26,,Kurobe Gorge;day,"Kurobe Gorge, Japan",,,,,Image;StillImage,image/jpg,eng,In Copyright,
Japan_00030,japan00030.jpg,,,Kurobe Gorge,Sean Murphy,2023:09:29 14:23:22,,Kurobe Gorge;day,"Kurobe Gorge, Japan",,,,,Image;StillImage,image/jpg,eng,In Copyright,
Japan_00031,japan00031.jpg,,,Kurobe Gorge,Sean Murphy,2023:09:29 14:23:29,,Kurobe Gorge;day,"Kurobe Gorge, Japan",,,,,Image;StillImage,image/jpg,eng,In Copyright,
Japan_00032,japan00032.jpg,,,Mushimushi,Sean Murphy,2023:09:29 14:38:26,,Kurobe Gorge;wildlife;day,"Kurobe Gorge, Japan",,,,,Image;StillImage,image/jpg,eng,In Copyright,
Japan_00033,japan00033.jpg,,,Mushimushi,Sean Murphy,2023:09:29 14:38:45,,Kurobe Gorge;wildlife;day,"Kurobe Gorge, Japan",,,,,Image;StillImage,image/jpg,eng,In Copyright,
Japan_00034,japan00034.jpg,,,Kurobe Gorge Selfie,Sean Murphy,2023:09:29 14:42:15,,Kurobe Gorge;selfie;portrait;day,"Kurobe Gorge, Japan",,,,,Image;StillImage,image/jpg,eng,In Copyright,
Japan_00035,japan00035.jpg,,,Man-Eating Cliff,Sean Murphy,2023:09:29 14:43:53,,Kurobe Gorge;day,"Kurobe Gorge, Japan",,,,,Image;StillImage,image/jpg,eng,In Copyright,
Japan_00036,japan00036.jpg,,,Man-Eating Cliff,Sean Murphy,2023:09:29 14:43:55,,Kurobe Gorge;day,"Kurobe Gorge, Japan",,,,,Image;StillImage,image/jpg,eng,In Copyright,
Japan_00037,japan00037.jpg,,,Man-Eating Cliff,Sean Murphy,2023:09:29 14:43:57,,Kurobe Gorge;day,"Kurobe Gorge, Japan",,,,,Image;StillImage,image/jpg,eng,In Copyright,
Japan_00038,japan00038.jpg,,,Man-Eating Cliff,Sean Murphy,2023:09:29 14:44:33,,Kurobe Gorge;day,"Kurobe Gorge, Japan",,,,,Image;StillImage,image/jpg,eng,In Copyright,
Japan_00039,japan00039.jpg,,,Man-Eating Cliff,Sean Murphy,2023:09:29 14:44:45,,Kurobe Gorge;day,"Kurobe Gorge, Japan",,,,,Image;StillImage,image/jpg,eng,In Copyright,
Japan_00040,japan00040.jpg,,,Man-Eating Cliff,Sean Murphy,2023:09:29 14:44:46,,Kurobe Gorge;day,"Kurobe Gorge, Japan",,,,,Image;StillImage,image/jpg,eng,In Copyright,
Japan_00041,japan00041.jpg,,,Man-Eating Cliff,Sean Murphy,2023:09:29 14:44:48,,Kurobe Gorge;day,"Kurobe Gorge, Japan",,,,,Image;StillImage,image/jpg,eng,In Copyright,
Japan_00042,japan00042.jpg,,,Kurobe Gorge,Sean Murphy,2023:09:29 14:47:31,,Kurobe Gorge;day,"Kurobe Gorge, Japan",,,,,Image;StillImage,image/jpg,eng,In Copyright,
Japan_00043,japan00043.jpg,,,Keyakidaira Bridge,Sean Murphy,2023:09:29 15:24:04,,Kurobe Gorge;portrait;day,"Kurobe Gorge, Japan",,,,,Image;StillImage,image/jpg,eng,In Copyright,
Japan_00044,japan00044.jpg,,,Keyakidaira Bridge,Sean Murphy,2023:09:29 15:24:06,,Kurobe Gorge;portrait;day,"Kurobe Gorge, Japan",,,,,Image;StillImage,image/jpg,eng,In Copyright,
Japan_00045,japan00045.jpg,,,Keyakidaira Bridge,Sean Murphy,2023:09:29 15:24:08,,Kurobe Gorge;portrait;day,"Kurobe Gorge, Japan",,,,,Image;StillImage,image/jpg,eng,In Copyright,
Japan_00046,japan00046.jpg,,,Keyakidaira Bridge,Sean Murphy,2023:09:29 15:24:11,,Kurobe Gorge;portrait;day,"Kurobe Gorge, Japan",,,,,Image;StillImage,image/jpg,eng,In Copyright,
Japan_00047,japan00047.jpg,,,Abandoned Onsen Building,Sean Murphy,2023:09:29 16:32:02,,Kurobe Gorge;day,"Kurobe Gorge, Japan",,,,,Image;StillImage,image/jpg,eng,In Copyright,
Japan_00048,japan00048.jpg,,,Abandoned Onsen Building,Sean Murphy,2023:09:29 16:32:04,,Kurobe Gorge;day,"Kurobe Gorge, Japan",,,,,Image;StillImage,image/jpg,eng,In Copyright,
Japan_00049,japan00049.jpg,,,Abandoned Onsen Building,Sean Murphy,2023:09:29 16:32:05,,Kurobe Gorge;day,"Kurobe Gorge, Japan",,,,,Image;StillImage,image/jpg,eng,In Copyright,
Japan_00050,japan00050.jpg,,,Abandoned Onsen Building,Sean Murphy,2023:09:29 16:32:09,,Kurobe Gorge;day,"Kurobe Gorge, Japan",,,,,Image;StillImage,image/jpg,eng,In Copyright,
Japan_00051,japan00051.jpg,,,Unazuki Beer,Sean Murphy,2023:09:29 16:54:37,,Kurobe Gorge;Food & Drink;beer,"Kurobe Gorge, Japan",,,,,Image;StillImage,image/jpg,eng,In Copyright,
Japan_00052,japan00052.jpg,,,Unazuki Beer,Sean Murphy,2023:09:29 16:54:40,,Kurobe Gorge;Food & Drink;beer,"Kurobe Gorge, Japan",,,,,Image;StillImage,image/jpg,eng,In Copyright,
Japan_00053,japan00053.jpg,,,Unazuki Evening,Sean Murphy,2023:09:29 17:54:03,,Kurobe Gorge;night,"Kurobe Gorge, Japan",,,,,Image;StillImage,image/jpg,eng,In Copyright,
Japan_00054,japan00054.jpg,,,Breakfast at Shirokuma Inn,Sean Murphy,2023:09:30 07:38:14,,Iwase;Toyama;hotel;Food & Drink;day,"Iwase, Toyama, Japan",,,,,Image;StillImage,image/jpg,eng,In Copyright,
Japan_00055,japan00055.jpg,,,Iwase Canal,Sean Murphy,2023:09:30 09:14:59,,Iwase;Toyama;day,"Iwase, Toyama, Japan",,,,,Image;StillImage,image/jpg,eng,In Copyright,
Japan_00056,japan00056.jpg,,,Iwase Harbor,Sean Murphy,2023:09:30 09:42:16,,Iwase;Toyama;day,"Iwase, Toyama, Japan",,,,,Image;StillImage,image/jpg,eng,In Copyright,
Japan_00057,japan00057.jpg,,,Baba Residence,Sean Murphy,2023:09:30 10:39:29,,Iwase;Toyama;Baba Residence;history;architecture,"Iwase, Toyama, Japan",,,,,Image;StillImage,image/jpg,eng,In Copyright,
Japan_00058,japan00058.jpg,,,Baba Residence,Sean Murphy,2023:09:30 10:39:32,,Iwase;Toyama;Baba Residence;history;architecture,"Iwase, Toyama, Japan",,,,,Image;StillImage,image/jpg,eng,In Copyright,
Japan_00059,japan00059.jpg,,,Baba Residence,Sean Murphy,2023:09:30 10:41:21,,Iwase;Toyama;Baba Residence;history;architecture,"Iwase, Toyama, Japan",,,,,Image;StillImage,image/jpg,eng,In Copyright,
Japan_00060,japan00060.jpg,,,Baba Residence,Sean Murphy,2023:09:30 10:41:47,,Iwase;Toyama;Baba Residence;history;art,"Iwase, Toyama, Japan",,,,,Image;StillImage,image/jpg,eng,In Copyright,
Japan_00061,japan00061.jpg,,,Baba Residence,Sean Murphy,2023:09:30 10:41:58,,Iwase;Toyama;Baba Residence;history;architecture,"Iwase, Toyama, Japan",,,,,Image;StillImage,image/jpg,eng,In Copyright,
Japan_00062,japan00062.jpg,,,Baba Residence,Sean Murphy,2023:09:30 10:42:34,,Iwase;Toyama;Baba Residence;history;architecture,"Iwase, Toyama, Japan",,,,,Image;StillImage,image/jpg,eng,In Copyright,
Japan_00063,japan00063.jpg,,,Baba Residence,Sean Murphy,2023:09:30 10:44:07,,Iwase;Toyama;Baba Residence;history;architecture,"Iwase, Toyama, Japan",,,,,Image;StillImage,image/jpg,eng,In Copyright,
Japan_00064,japan00064.jpg,,,Baba Residence,Sean Murphy,2023:09:30 10:44:49,,Iwase;Toyama;Baba Residence;portrait,"Iwase, Toyama, Japan",,,,,Image;StillImage,image/jpg,eng,In Copyright,
Japan_00065,japan00065.jpg,,,Baba Residence,Sean Murphy,2023:09:30 10:44:57,,Iwase;Toyama;Baba Residence;portrait,"Iwase, Toyama, Japan",,,,,Image;StillImage,image/jpg,eng,In Copyright,
Japan_00066,japan00066.jpg,,,Baba Residence,Sean Murphy,2023:09:30 10:45:39,,Iwase;Toyama;Baba Residence;portrait,"Iwase, Toyama, Japan",,,,,Image;StillImage,image/jpg,eng,In Copyright,
Japan_00067,japan00067.jpg,,,Baba Residence,Sean Murphy,2023:09:30 10:45:46,,Iwase;Toyama;Baba Residence;portrait,"Iwase, Toyama, Japan",,,,,Image;StillImage,image/jpg,eng,In Copyright,
Japan_00068,japan00068.jpg,,,Baba Residence,Sean Murphy,2023:09:30 10:45:48,,Iwase;Toyama;Baba Residence;portrait,"Iwase, Toyama, Japan",,,,,Image;StillImage,image/jpg,eng,In Copyright,
Japan_00069,japan00069.jpg,,,Baba Residence,Sean Murphy,2023:09:30 10:47:02,,Iwase;Toyama;Baba Residence;history;architecture,"Iwase, Toyama, Japan",,,,,Image;StillImage,image/jpg,eng,In Copyright,
Japan_00070,japan00070.jpg,,,Baba Residence,Sean Murphy,2023:09:30 10:47:20,,Iwase;Toyama;Baba Residence;history;architecture,"Iwase, Toyama, Japan",,,,,Image;StillImage,image/jpg,eng,In Copyright,
Japan_00071,japan00071.jpg,,,Baba Residence,Sean Murphy,2023:09:30 10:48:38,,Iwase;Toyama;Baba Residence;history;art,"Iwase, Toyama, Japan",,,,,Image;StillImage,image/jpg,eng,In Copyright,
Japan_00072,japan00072.jpg,,,Baba Residence,Sean Murphy,2023:09:30 10:49:38,,Iwase;Toyama;Baba Residence;history;architecture,"Iwase, Toyama, Japan",,,,,Image;StillImage,image/jpg,eng,In Copyright,
Japan_00073,japan00073.jpg,,,Baba Residence,Sean Murphy,2023:09:30 10:56:53,,Iwase;Toyama;Baba Residence;history;architecture,"Iwase, Toyama, Japan",,,,,Image;StillImage,image/jpg,eng,In Copyright,
Japan_00074,japan00074.jpg,,,Baba Residence,Sean Murphy,2023:09:30 10:57:53,,Iwase;Toyama;Baba Residence;history;art,"Iwase, Toyama, Japan",,,,,Image;StillImage,image/jpg,eng,In Copyright,
Japan_00075,japan00075.jpg,,,Baba Residence,Sean Murphy,2023:09:30 11:05:19,,Iwase;Toyama;Baba Residence;history;architecture,"Iwase, Toyama, Japan",,,,,Image;StillImage,image/jpg,eng,In Copyright,
Japan_00076,japan00076.jpg,,,Kubo Brewing Company,Sean Murphy,2023:09:30 11:23:40,,Iwase;Toyama;Baba Residence;beer,"Iwase, Toyama, Japan",,,,,Image;StillImage,image/jpg,eng,In Copyright,
Japan_00077,japan00077.jpg,,,Kubo Brewing Company,Sean Murphy,2023:09:30 11:23:47,,Iwase;Toyama;Baba Residence;beer,"Iwase, Toyama, Japan",,,,,Image;StillImage,image/jpg,eng,In Copyright,
Japan_00078,japan00078.jpg,,,Kubo Brewing Company,Sean Murphy,2023:09:30 11:24:10,,Iwase;Toyama;Baba Residence;beer,"Iwase, Toyama, Japan",,,,,Image;StillImage,image/jpg,eng,In Copyright,
Japan_00079,japan00079.jpg,,,Kanazawa Station,Sean Murphy,2023:09:30 15:23:13,,,"Kanazawa, Japan",,,,,Image;StillImage,image/jpg,eng,In Copyright,
Japan_00080,japan00080.jpg,,,Kanazawa Station,Sean Murphy,2023:09:30 15:23:19,,,"Kanazawa, Japan",,,,,Image;StillImage,image/jpg,eng,In Copyright,
Japan_00081,japan00081.jpg,,,Kanazawa Station,Sean Murphy,2023:09:30 15:23:23,,,"Kanazawa, Japan",,,,,Image;StillImage,image/jpg,eng,In Copyright,
Japan_00082,japan00082.jpg,,,Kanazawa Station,Sean Murphy,2023:09:30 15:23:24,,,"Kanazawa, Japan",,,,,Image;StillImage,image/jpg,eng,In Copyright,
Japan_00083,japan00083.jpg,,,Kanazawa Station,Sean Murphy,2023:09:30 15:24:39,,,"Kanazawa, Japan",,,,,Image;StillImage,image/jpg,eng,In Copyright,
Japan_00084,japan00084.jpg,,,Kanazawa Station,Sean Murphy,2023:09:30 15:26:31,,,"Kanazawa, Japan",,,,,Image;StillImage,image/jpg,eng,In Copyright,
Japan_00085,japan00085.jpg,,,Kanazawa Station,Sean Murphy,2023:09:30 15:26:31,,,"Kanazawa, Japan",,,,,Image;StillImage,image/jpg,eng,In Copyright,
Japan_00086,japan00086.jpg,,,Hotel Kanazawa Zoushi – Room,Sean Murphy,2023:09:30 16:05:28,,,"Kanazawa, Japan",,,,,Image;StillImage,image/jpg,eng,In Copyright,
Japan_00087,japan00087.jpg,,,Hotel Kanazawa Zoushi – Room,Sean Murphy,2023:09:30 16:05:28,,,"Kanazawa, Japan",,,,,Image;StillImage,image/jpg,eng,In Copyright,
Japan_00088,japan00088.jpg,,,Kanazawa Public Library,Sean Murphy,2023:09:30 16:55:42,,,"Kanazawa, Japan",,,,,Image;StillImage,image/jpg,eng,In Copyright,
Japan_00089,japan00089.jpg,,,Kanazawa Public Library,Sean Murphy,2023:09:30 16:55:42,,,"Kanazawa, Japan",,,,,Image;StillImage,image/jpg,eng,In Copyright,
Japan_00090,japan00090.jpg,,,Naga-Machi Samurai District,Sean Murphy,2023:09:30 17:13:19,,,"Kanazawa, Japan",,,,,Image;StillImage,image/jpg,eng,In Copyright,
Japan_00091,japan00091.jpg,,,Naga-Machi Samurai District,Sean Murphy,2023:09:30 17:13:19,,,"Kanazawa, Japan",,,,,Image;StillImage,image/jpg,eng,In Copyright,
Japan_00092,japan00092.jpg,,,Naga-Machi Samurai District,Sean Murphy,2023:09:30 17:13:49,,,"Kanazawa, Japan",,,,,Image;StillImage,image/jpg,eng,In Copyright,
Japan_00093,japan00093.jpg,,,Naga-Machi Samurai District,Sean Murphy,2023:09:30 17:13:49,,,"Kanazawa, Japan",,,,,Image;StillImage,image/jpg,eng,In Copyright,
Japan_00094,japan00094.jpg,,,Naga-Machi Samurai District,Sean Murphy,2023:09:30 17:14:51,,,"Kanazawa, Japan",,,,,Image;StillImage,image/jpg,eng,In Copyright,
Japan_00095,japan00095.jpg,,,Naga-Machi Samurai District,Sean Murphy,2023:09:30 17:14:51,,,"Kanazawa, Japan",,,,,Image;StillImage,image/jpg,eng,In Copyright,
Japan_00096,japan00096.jpg,,,Naga-Machi Samurai District,Sean Murphy,2023:09:30 17:18:17,,,"Kanazawa, Japan",,,,,Image;StillImage,image/jpg,eng,In Copyright,
Japan_00097,japan00097.jpg,,,Naga-Machi Samurai District,Sean Murphy,2023:09:30 17:18:17,,,"Kanazawa, Japan",,,,,Image;StillImage,image/jpg,eng,In Copyright,
Japan_00098,japan00098.jpg,,,Naga-Machi Samurai District,Sean Murphy,2023:09:30 17:18:58,,,"Kanazawa, Japan",,,,,Image;StillImage,image/jpg,eng,In Copyright,
Japan_00099,japan00099.jpg,,,Naga-Machi Samurai District,Sean Murphy,2023:09:30 17:39:42,,,"Kanazawa, Japan",,,,,Image;StillImage,image/jpg,eng,In Copyright,
Japan_00100,japan00100.jpg,,,Naga-Machi Samurai District,Sean Murphy,2023:09:30 17:39:44,,,"Kanazawa, Japan",,,,,Image;StillImage,image/jpg,eng,In Copyright,
Japan_00101,japan00101.jpg,,,Naga-Machi Samurai District,Sean Murphy,2023:09:30 17:39:45,,,"Kanazawa, Japan",,,,,Image;StillImage,image/jpg,eng,In Copyright,
Japan_00102,japan00102.jpg,,,Naga-Machi Samurai District,Sean Murphy,2023:09:30 17:40:57,,,"Kanazawa, Japan",,,,,Image;StillImage,image/jpg,eng,In Copyright,
Japan_00103,japan00103.jpg,,,Naga-Machi Samurai District,Sean Murphy,2023:09:30 17:41:31,,,"Kanazawa, Japan",,,,,Image;StillImage,image/jpg,eng,In Copyright,
Japan_00104,japan00104.jpg,,,Asano River,Sean Murphy,2023:09:30 19:22:00,,,"Kanazawa, Japan",,,,,Image;StillImage,image/jpg,eng,In Copyright,
Japan_00105,japan00105.jpg,,,Asano River,Sean Murphy,2023:09:30 19:22:03,,,"Kanazawa, Japan",,,,,Image;StillImage,image/jpg,eng,In Copyright,
Japan_00106,japan00106.jpg,,,Asano River,Sean Murphy,2023:09:30 19:22:49,,,"Kanazawa, Japan",,,,,Image;StillImage,image/jpg,eng,In Copyright,
Japan_00107,japan00107.jpg,,,Asano River,Sean Murphy,2023:09:30 19:23:59,,,"Kanazawa, Japan",,,,,Image;StillImage,image/jpg,eng,In Copyright,
Japan_00108,japan00108.jpg,,,Asano River,Sean Murphy,2023:09:30 19:24:14,,,"Kanazawa, Japan",,,,,Image;StillImage,image/jpg,eng,In Copyright,
Japan_00109,japan00109.jpg,,,Asano River,Sean Murphy,2023:09:30 19:24:21,,,"Kanazawa, Japan",,,,,Image;StillImage,image/jpg,eng,In Copyright,
Japan_00110,japan00110.jpg,,,Asano River,Sean Murphy,2023:09:30 19:24:24,,,"Kanazawa, Japan",,,,,Image;StillImage,image/jpg,eng,In Copyright,
Japan_00111,japan00111.jpg,,,Asano River,Sean Murphy,2023:09:30 19:24:24,,,"Kanazawa, Japan",,,,,Image;StillImage,image/jpg,eng,In Copyright,
Japan_00112,japan00112.jpg,,,Asano River,Sean Murphy,2023:09:30 19:24:24,,,"Kanazawa, Japan",,,,,Image;StillImage,image/jpg,eng,In Copyright,
Japan_00113,japan00113.jpg,,,Asano River,Sean Murphy,2023:09:30 19:24:26,,,"Kanazawa, Japan",,,,,Image;StillImage,image/jpg,eng,In Copyright,
Japan_00114,japan00114.jpg,,,Asano River,Sean Murphy,2023:09:30 19:24:26,,,"Kanazawa, Japan",,,,,Image;StillImage,image/jpg,eng,In Copyright,
Japan_00115,japan00115.jpg,,,Asano River,Sean Murphy,2023:09:30 19:24:50,,,"Kanazawa, Japan",,,,,Image;StillImage,image/jpg,eng,In Copyright,
Japan_00116,japan00116.jpg,,,Asano River,Sean Murphy,2023:09:30 19:24:50,,,"Kanazawa, Japan",,,,,Image;StillImage,image/jpg,eng,In Copyright,
Japan_00117,japan00117.jpg,,,Higashi Chaya Geisha District,Sean Murphy,2023:09:30 19:31:04,,,"Kanazawa, Japan",,,,,Image;StillImage,image/jpg,eng,In Copyright,
Japan_00118,japan00118.jpg,,,Higashi Chaya Geisha District,Sean Murphy,2023:09:30 19:35:12,,,"Kanazawa, Japan",,,,,Image;StillImage,image/jpg,eng,In Copyright,
Japan_00119,japan00119.jpg,,,Higashi Chaya Geisha District,Sean Murphy,2023:09:30 19:35:12,,,"Kanazawa, Japan",,,,,Image;StillImage,image/jpg,eng,In Copyright,
Japan_00120,japan00120.jpg,,,Higashi Chaya Geisha District,Sean Murphy,2023:09:30 19:35:21,,,"Kanazawa, Japan",,,,,Image;StillImage,image/jpg,eng,In Copyright,
Japan_00121,japan00121.jpg,,,Higashi Chaya Geisha District,Sean Murphy,2023:09:30 19:36:03,,,"Kanazawa, Japan",,,,,Image;StillImage,image/jpg,eng,In Copyright,
Japan_00122,japan00122.jpg,,,Higashi Chaya Geisha District,Sean Murphy,2023:09:30 19:38:02,,,"Kanazawa, Japan",,,,,Image;StillImage,image/jpg,eng,In Copyright,
Japan_00123,japan00123.jpg,,,Higashi Chaya Geisha District,Sean Murphy,2023:09:30 19:38:04,,,"Kanazawa, Japan",,,,,Image;StillImage,image/jpg,eng,In Copyright,
Japan_00124,japan00124.jpg,,,Higashi Chaya Geisha District,Sean Murphy,2023:09:30 19:41:57,,,"Kanazawa, Japan",,,,,Image;StillImage,image/jpg,eng,In Copyright,
Japan_00125,japan00125.jpg,,,Higashi Chaya Geisha District,Sean Murphy,2023:09:30 19:42:58,,,"Kanazawa, Japan",,,,,Image;StillImage,image/jpg,eng,In Copyright,
Japan_00126,japan00126.jpg,,,Higashi Chaya Geisha District,Sean Murphy,2023:09:30 19:44:00,,,"Kanazawa, Japan",,,,,Image;StillImage,image/jpg,eng,In Copyright,
Japan_00127,japan00127.jpg,,,Higashi Chaya Geisha District,Sean Murphy,2023:09:30 19:44:09,,,"Kanazawa, Japan",,,,,Image;StillImage,image/jpg,eng,In Copyright,
Japan_00128,japan00128.jpg,,,Single-Serve Coffee,Sean Murphy,2023:10:01 07:41:21,,,"Kanazawa, Japan",,,,,Image;StillImage,image/jpg,eng,In Copyright,
Japan_00129,japan00129.jpg,,,Hotel Zoushi Breakfast,Sean Murphy,2023:10:01 08:40:51,,,"Kanazawa, Japan",,,,,Image;StillImage,image/jpg,eng,In Copyright,
Japan_00130,japan00130.jpg,,,Hotel Zoushi Breakfast,Sean Murphy,2023:10:01 08:40:59,,,"Kanazawa, Japan",,,,,Image;StillImage,image/jpg,eng,In Copyright,
Japan_00131,japan00131.jpg,,,Hotel Zoushi Breakfast,Sean Murphy,2023:10:01 08:41:42,,,"Kanazawa, Japan",,,,,Image;StillImage,image/jpg,eng,In Copyright,
Japan_00132,japan00132.jpg,,,Hotel Zoushi Exterior,Sean Murphy,2023:10:01 10:57:21,,,"Kanazawa, Japan",,,,,Image;StillImage,image/jpg,eng,In Copyright,
Japan_00133,japan00133.jpg,,,Hotel Zoushi Exterior,Sean Murphy,2023:10:01 10:57:28,,,"Kanazawa, Japan",,,,,Image;StillImage,image/jpg,eng,In Copyright,
Japan_00134,japan00134.jpg,,,O-Micho Market – Beef Stall,Sean Murphy,2023:10:01 11:21:57,,,"Kanazawa, Japan",,,,,Image;StillImage,image/jpg,eng,In Copyright,
Japan_00135,japan00135.jpg,,,Kanazawa Castle Park,Sean Murphy,2023:10:01 12:48:59,,,"Kanazawa, Japan",,,,,Image;StillImage,image/jpg,eng,In Copyright,
Japan_00136,japan00136.jpg,,,Kanazawa Castle Park,Sean Murphy,2023:10:01 12:49:19,,,"Kanazawa, Japan",,,,,Image;StillImage,image/jpg,eng,In Copyright,
Japan_00137,japan00137.jpg,,,Kanazawa Castle Park,Sean Murphy,2023:10:01 12:50:11,,,"Kanazawa, Japan",,,,,Image;StillImage,image/jpg,eng,In Copyright,
Japan_00138,japan00138.jpg,,,Kanazawa Castle Park,Sean Murphy,2023:10:01 12:50:14,,,"Kanazawa, Japan",,,,,Image;StillImage,image/jpg,eng,In Copyright,
Japan_00139,japan00139.jpg,,,Kenroku-en Garden,Sean Murphy,2023:10:01 13:41:47,,,"Kanazawa, Japan",,,,,Image;StillImage,image/jpg,eng,In Copyright,
Japan_00140,japan00140.jpg,,,Kenroku-en Garden,Sean Murphy,2023:10:01 13:42:04,,,"Kanazawa, Japan",,,,,Image;StillImage,image/jpg,eng,In Copyright,
Japan_00141,japan00141.jpg,,,Kenroku-en Garden,Sean Murphy,2023:10:01 13:42:08,,,"Kanazawa, Japan",,,,,Image;StillImage,image/jpg,eng,In Copyright,
Japan_00142,japan00142.jpg,,,Matcha Ice Cream with Gold Leaf,Sean Murphy,2023:10:01 14:44:01,,,"Kanazawa, Japan",,,,,Image;StillImage,image/jpg,eng,In Copyright,
Japan_00143,japan00143.jpg,,,Matcha Ice Cream with Gold Leaf,Sean Murphy,2023:10:01 14:44:03,,,"Kanazawa, Japan",,,,,Image;StillImage,image/jpg,eng,In Copyright,
Japan_00144,japan00144.jpg,,,Dotonbori from the Nippon Bridge,Sean Murphy,2023:10:01 19:24:33,,,"Osaka, Japan",,,,,Image;StillImage,image/jpg,eng,In Copyright,
Japan_00145,japan00145.jpg,,,Dotonbori from the Nippon Bridge,Sean Murphy,2023:10:01 19:24:40,,,"Osaka, Japan",,,,,Image;StillImage,image/jpg,eng,In Copyright,
Japan_00146,japan00146.jpg,,,Osaka Hotel Room Card,Sean Murphy,2023:10:01 19:40:59,,,"Osaka, Japan",,,,,Image;StillImage,image/jpg,eng,In Copyright,
Japan_00147,japan00147.jpg,,,Dotonbori from Hotel Room,Sean Murphy,2023:10:01 19:53:14,,,"Osaka, Japan",,,,,Image;StillImage,image/jpg,eng,In Copyright,
Japan_00148,japan00148.jpg,,,Dotonbori,Sean Murphy,2023:10:01 20:42:57,,,"Osaka, Japan",,,,,Image;StillImage,image/jpg,eng,In Copyright,
Japan_00149,japan00149.jpg,,,Dotonbori,Sean Murphy,2023:10:01 20:43:01,,,"Osaka, Japan",,,,,Image;StillImage,image/jpg,eng,In Copyright,
Japan_00150,japan00150.jpg,,,Dotonbori,Sean Murphy,2023:10:01 20:43:06,,,"Osaka, Japan",,,,,Image;StillImage,image/jpg,eng,In Copyright,
Japan_00151,japan00151.jpg,,,Dotonbori,Sean Murphy,2023:10:01 20:43:08,,,"Osaka, Japan",,,,,Image;StillImage,image/jpg,eng,In Copyright,
Japan_00152,japan00152.jpg,,,Dotonbori,Sean Murphy,2023:10:01 20:44:20,,,"Osaka, Japan",,,,,Image;StillImage,image/jpg,eng,In Copyright,
Japan_00153,japan00153.jpg,,,Dotonbori,Sean Murphy,2023:10:01 20:44:37,,,"Osaka, Japan",,,,,Image;StillImage,image/jpg,eng,In Copyright,
Japan_00154,japan00154.jpg,,,Brewery Sticker,Sean Murphy,2023:10:01 20:56:51,,,"Osaka, Japan",,,,,Image;StillImage,image/jpg,eng,In Copyright,
Japan_00155,japan00155.jpg,,,Brewery Sticker,Sean Murphy,2023:10:01 20:56:58,,,"Osaka, Japan",,,,,Image;StillImage,image/jpg,eng,In Copyright,
Japan_00156,japan00156.jpg,,,Sutadonya in Dotonbori,Sean Murphy,2023:10:01 22:15:15,,,"Osaka, Japan",,,,,Image;StillImage,image/jpg,eng,In Copyright,
Japan_00157,japan00157.jpg,,,Dotonbori at Night,Sean Murphy,2023:10:01 22:42:38,,,"Osaka, Japan",,,,,Image;StillImage,image/jpg,eng,In Copyright,
Japan_00158,japan00158.jpg,,,Dotonbori at Night,Sean Murphy,2023:10:01 22:42:43,,,"Osaka, Japan",,,,,Image;StillImage,image/jpg,eng,In Copyright,
Japan_00159,japan00159.jpg,,,Dotonbori During the Day,Sean Murphy,2023:10:02 09:51:41,,,"Osaka, Japan",,,,,Image;StillImage,image/jpg,eng,In Copyright,
Japan_00160,japan00160.jpg,,,Dotonbori During the Day,Sean Murphy,2023:10:02 09:51:45,,,"Osaka, Japan",,,,,Image;StillImage,image/jpg,eng,In Copyright,
Japan_00161,japan00161.jpg,,,Shinsaibashi,Sean Murphy,2023:10:02 10:48:45,,,"Osaka, Japan",,,,,Image;StillImage,image/jpg,eng,In Copyright,
Japan_00162,japan00162.jpg,,,Pokemon Center Osaka,Sean Murphy,2023:10:02 11:29:22,,,"Osaka, Japan",,,,,Image;StillImage,image/jpg,eng,In Copyright,
Japan_00163,japan00163.jpg,,,Pokemon Cafe Osaka,Sean Murphy,2023:10:02 11:29:42,,,"Osaka, Japan",,,,,Image;StillImage,image/jpg,eng,In Copyright,
Japan_00164,japan00164.jpg,,,Capcom Store Osaka,Sean Murphy,2023:10:02 11:41:42,,,"Osaka, Japan",,,,,Image;StillImage,image/jpg,eng,In Copyright,
Japan_00165,japan00165.jpg,,,Capcom Store Osaka,Sean Murphy,2023:10:02 11:42:10,,,"Osaka, Japan",,,,,Image;StillImage,image/jpg,eng,In Copyright,
Japan_00166,japan00166.jpg,,,Ghibli Store Osaka,Sean Murphy,2023:10:02 12:10:46,,,"Osaka, Japan",,,,,Image;StillImage,image/jpg,eng,In Copyright,
Japan_00167,japan00167.jpg,,,Ghibli Store Osaka,Sean Murphy,2023:10:02 12:10:49,,,"Osaka, Japan",,,,,Image;StillImage,image/jpg,eng,In Copyright,
Japan_00168,japan00168.jpg,,,Ghibli Store Osaka,Sean Murphy,2023:10:02 12:10:50,,,"Osaka, Japan",,,,,Image;StillImage,image/jpg,eng,In Copyright,
Japan_00169,japan00169.jpg,,,Ghibli Store Osaka,Sean Murphy,2023:10:02 12:10:51,,,"Osaka, Japan",,,,,Image;StillImage,image/jpg,eng,In Copyright,
Japan_00170,japan00170.jpg,,,Ghibli Store Osaka,Sean Murphy,2023:10:02 12:10:53,,,"Osaka, Japan",,,,,Image;StillImage,image/jpg,eng,In Copyright,
Japan_00171,japan00171.jpg,,,Ghibli Store Osaka,Sean Murphy,2023:10:02 12:10:55,,,"Osaka, Japan",,,,,Image;StillImage,image/jpg,eng,In Copyright,
Japan_00172,japan00172.jpg,,,Ghibli Store Osaka,Sean Murphy,2023:10:02 12:10:55,,,"Osaka, Japan",,,,,Image;StillImage,image/jpg,eng,In Copyright,
Japan_00173,japan00173.jpg,,,Ghibli Store Osaka,Sean Murphy,2023:10:02 12:15:09,,,"Osaka, Japan",,,,,Image;StillImage,image/jpg,eng,In Copyright,
Japan_00174,japan00174.jpg,,,Ghibli Store Osaka,Sean Murphy,2023:10:02 12:15:11,,,"Osaka, Japan",,,,,Image;StillImage,image/jpg,eng,In Copyright,
Japan_00175,japan00175.jpg,,,Ghibli Store Osaka,Sean Murphy,2023:10:02 12:15:12,,,"Osaka, Japan",,,,,Image;StillImage,image/jpg,eng,In Copyright,
Japan_00176,japan00176.jpg,,,Ghibli Store Osaka,Sean Murphy,2023:10:02 12:15:13,,,"Osaka, Japan",,,,,Image;StillImage,image/jpg,eng,In Copyright,
Japan_00177,japan00177.jpg,,,Ghibli Store Osaka,Sean Murphy,2023:10:02 12:15:15,,,"Osaka, Japan",,,,,Image;StillImage,image/jpg,eng,In Copyright,
Japan_00178,japan00178.jpg,,,Ghibli Store Osaka,Sean Murphy,2023:10:02 12:15:20,,,"Osaka, Japan",,,,,Image;StillImage,image/jpg,eng,In Copyright,
Japan_00179,japan00179.jpg,,,Ghibli Store Osaka,Sean Murphy,2023:10:02 12:15:22,,,"Osaka, Japan",,,,,Image;StillImage,image/jpg,eng,In Copyright,
Japan_00180,japan00180.jpg,,,Ghibli Store Osaka,Sean Murphy,2023:10:02 12:15:23,,,"Osaka, Japan",,,,,Image;StillImage,image/jpg,eng,In Copyright,
Japan_00181,japan00181.jpg,,,Ghibli Store Osaka,Sean Murphy,2023:10:02 12:15:24,,,"Osaka, Japan",,,,,Image;StillImage,image/jpg,eng,In Copyright,
Japan_00182,japan00182.jpg,,,Ghibli Store Osaka,Sean Murphy,2023:10:02 12:15:42,,,"Osaka, Japan",,,,,Image;StillImage,image/jpg,eng,In Copyright,
Japan_00183,japan00183.jpg,,,Ghibli Store Osaka,Sean Murphy,2023:10:02 12:15:45,,,"Osaka, Japan",,,,,Image;StillImage,image/jpg,eng,In Copyright,
Japan_00184,japan00184.jpg,,,Ghibli Store Osaka,Sean Murphy,2023:10:02 12:15:51,,,"Osaka, Japan",,,,,Image;StillImage,image/jpg,eng,In Copyright,
Japan_00185,japan00185.jpg,,,Lego Osaka Treats,Sean Murphy,2023:10:02 12:55:01,,,"Osaka, Japan",,,,,Image;StillImage,image/jpg,eng,In Copyright,
Japan_00186,japan00186.jpg,,,Shin Chan Store Osaka,Sean Murphy,2023:10:02 13:04:15,,,"Osaka, Japan",,,,,Image;StillImage,image/jpg,eng,In Copyright,
Japan_00187,japan00187.jpg,,,Shin Chan Store Osaka,Sean Murphy,2023:10:02 13:04:30,,,"Osaka, Japan",,,,,Image;StillImage,image/jpg,eng,In Copyright,
Japan_00188,japan00188.jpg,,,Shin Chan Store Osaka,Sean Murphy,2023:10:02 13:04:45,,,"Osaka, Japan",,,,,Image;StillImage,image/jpg,eng,In Copyright,
Japan_00189,japan00189.jpg,,,Don Quixote Osaka,Sean Murphy,2023:10:02 14:34:13,,,"Osaka, Japan",,,,,Image;StillImage,image/jpg,eng,In Copyright,
Japan_00190,japan00190.jpg,,,Shinsekai,Sean Murphy,2023:10:02 15:23:00,,,"Osaka, Japan",,,,,Image;StillImage,image/jpg,eng,In Copyright,
Japan_00191,japan00191.jpg,,,Lupin III Arcade Game,Sean Murphy,2023:10:02 15:29:27,,,"Osaka, Japan",,,,,Image;StillImage,image/jpg,eng,In Copyright,
Japan_00192,japan00192.jpg,,,Shinsekai,Sean Murphy,2023:10:02 15:31:33,,,"Osaka, Japan",,,,,Image;StillImage,image/jpg,eng,In Copyright,
Japan_00193,japan00193.jpg,,,Tsutenkaku Tower,Sean Murphy,2023:10:02 15:32:13,,,"Osaka, Japan",,,,,Image;StillImage,image/jpg,eng,In Copyright,
Japan_00194,japan00194.jpg,,,Tsutenkaku Tower,Sean Murphy,2023:10:02 16:05:16,,,"Osaka, Japan",,,,,Image;StillImage,image/jpg,eng,In Copyright,
Japan_00195,japan00195.jpg,,,View from Tsutenkaku Tower,Sean Murphy,2023:10:02 16:07:05,,,"Osaka, Japan",,,,,Image;StillImage,image/jpg,eng,In Copyright,
Japan_00196,japan00196.jpg,,,View from Tsutenkaku Tower,Sean Murphy,2023:10:02 16:07:12,,,"Osaka, Japan",,,,,Image;StillImage,image/jpg,eng,In Copyright,
Japan_00197,japan00197.jpg,,,View from Tsutenkaku Tower,Sean Murphy,2023:10:02 16:09:01,,,"Osaka, Japan",,,,,Image;StillImage,image/jpg,eng,In Copyright,
Japan_00198,japan00198.jpg,,,View from Tsutenkaku Tower,Sean Murphy,2023:10:02 16:15:49,,,"Osaka, Japan",,,,,Image;StillImage,image/jpg,eng,In Copyright,
Japan_00199,japan00199.jpg,,,View from Tsutenkaku Tower,Sean Murphy,2023:10:02 16:19:23,,,"Osaka, Japan",,,,,Image;StillImage,image/jpg,eng,In Copyright,
Japan_00200,japan00200.jpg,,,View from Tsutenkaku Tower,Sean Murphy,2023:10:02 16:19:25,,,"Osaka, Japan",,,,,Image;StillImage,image/jpg,eng,In Copyright,
Japan_00201,japan00201.jpg,,,View from Tsutenkaku Tower,Sean Murphy,2023:10:02 16:19:27,,,"Osaka, Japan",,,,,Image;StillImage,image/jpg,eng,In Copyright,
Japan_00202,japan00202.jpg,,,View from Tsutenkaku Tower,Sean Murphy,2023:10:02 16:36:40,,,"Osaka, Japan",,,,,Image;StillImage,image/jpg,eng,In Copyright,
Japan_00203,japan00203.jpg,,,View from Tsutenkaku Tower,Sean Murphy,2023:10:02 16:36:58,,,"Osaka, Japan",,,,,Image;StillImage,image/jpg,eng,In Copyright,
Japan_00204,japan00204.jpg,,,View from Tsutenkaku Tower,Sean Murphy,2023:10:02 16:36:59,,,"Osaka, Japan",,,,,Image;StillImage,image/jpg,eng,In Copyright,
Japan_00205,japan00205.jpg,,,View from Tsutenkaku Tower,Sean Murphy,2023:10:02 16:37:00,,,"Osaka, Japan",,,,,Image;StillImage,image/jpg,eng,In Copyright,
Japan_00206,japan00206.jpg,,,View from Tsutenkaku Tower,Sean Murphy,2023:10:02 16:37:02,,,"Osaka, Japan",,,,,Image;StillImage,image/jpg,eng,In Copyright,
Japan_00207,japan00207.jpg,,,View from Tsutenkaku Tower,Sean Murphy,2023:10:02 16:37:03,,,"Osaka, Japan",,,,,Image;StillImage,image/jpg,eng,In Copyright,
Japan_00208,japan00208.jpg,,,View from Tsutenkaku Tower,Sean Murphy,2023:10:02 16:37:04,,,"Osaka, Japan",,,,,Image;StillImage,image/jpg,eng,In Copyright,
Japan_00209,japan00209.jpg,,,View from Tsutenkaku Tower,Sean Murphy,2023:10:02 16:37:05,,,"Osaka, Japan",,,,,Image;StillImage,image/jpg,eng,In Copyright,
Japan_00210,japan00210.jpg,,,View from Tsutenkaku Tower,Sean Murphy,2023:10:02 16:37:06,,,"Osaka, Japan",,,,,Image;StillImage,image/jpg,eng,In Copyright,
Japan_00211,japan00211.jpg,,,View from Tsutenkaku Tower,Sean Murphy,2023:10:02 16:37:07,,,"Osaka, Japan",,,,,Image;StillImage,image/jpg,eng,In Copyright,
Japan_00212,japan00212.jpg,,,View from Tsutenkaku Tower,Sean Murphy,2023:10:02 16:37:08,,,"Osaka, Japan",,,,,Image;StillImage,image/jpg,eng,In Copyright,
Japan_00213,japan00213.jpg,,,View from Tsutenkaku Tower,Sean Murphy,2023:10:02 16:37:09,,,"Osaka, Japan",,,,,Image;StillImage,image/jpg,eng,In Copyright,
Japan_00214,japan00214.jpg,,,View from Tsutenkaku Tower,Sean Murphy,2023:10:02 16:37:27,,,"Osaka, Japan",,,,,Image;StillImage,image/jpg,eng,In Copyright,
Japan_00215,japan00215.jpg,,,View from Tsutenkaku Tower,Sean Murphy,2023:10:02 16:37:28,,,"Osaka, Japan",,,,,Image;StillImage,image/jpg,eng,In Copyright,
Japan_00216,japan00216.jpg,,,Pocky,Sean Murphy,2023:10:02 16:52:17,,,"Osaka, Japan",,,,,Image;StillImage,image/jpg,eng,In Copyright,
Japan_00217,japan00217.jpg,,,Pocky,Sean Murphy,2023:10:02 16:52:18,,,"Osaka, Japan",,,,,Image;StillImage,image/jpg,eng,In Copyright,
Japan_00218,japan00218.jpg,,,Pocky,Sean Murphy,2023:10:02 16:52:20,,,"Osaka, Japan",,,,,Image;StillImage,image/jpg,eng,In Copyright,
Japan_00219,japan00219.jpg,,,Pocky,Sean Murphy,2023:10:02 16:52:22,,,"Osaka, Japan",,,,,Image;StillImage,image/jpg,eng,In Copyright,
Japan_00220,japan00220.jpg,,,Pocky,Sean Murphy,2023:10:02 16:52:24,,,"Osaka, Japan",,,,,Image;StillImage,image/jpg,eng,In Copyright,
Japan_00221,japan00221.jpg,,,Pocky,Sean Murphy,2023:10:02 16:52:25,,,"Osaka, Japan",,,,,Image;StillImage,image/jpg,eng,In Copyright,
Japan_00222,japan00222.jpg,,,Pocky,Sean Murphy,2023:10:02 16:52:26,,,"Osaka, Japan",,,,,Image;StillImage,image/jpg,eng,In Copyright,
Japan_00223,japan00223.jpg,,,Shinsekai Evening,Sean Murphy,2023:10:02 17:50:02,,,"Osaka, Japan",,,,,Image;StillImage,image/jpg,eng,In Copyright,
Japan_00224,japan00224.jpg,,,Shinsekai Evening,Sean Murphy,2023:10:02 17:50:08,,,"Osaka, Japan",,,,,Image;StillImage,image/jpg,eng,In Copyright,
Japan_00225,japan00225.jpg,,,Shinsekai Evening,Sean Murphy,2023:10:02 17:51:32,,,"Osaka, Japan",,,,,Image;StillImage,image/jpg,eng,In Copyright,
Japan_00226,japan00226.jpg,,,Shinsekai Evening,Sean Murphy,2023:10:02 17:56:43,,,"Osaka, Japan",,,,,Image;StillImage,image/jpg,eng,In Copyright,
Japan_00227,japan00227.jpg,,,Shinsekai Evening,Sean Murphy,2023:10:02 18:02:09,,,"Osaka, Japan",,,,,Image;StillImage,image/jpg,eng,In Copyright,
Japan_00228,japan00228.jpg,,,Shinsekai Evening,Sean Murphy,2023:10:02 18:10:53,,,"Osaka, Japan",,,,,Image;StillImage,image/jpg,eng,In Copyright,
Japan_00229,japan00229.jpg,,,Shinsekai Evening,Sean Murphy,2023:10:02 18:15:37,,,"Osaka, Japan",,,,,Image;StillImage,image/jpg,eng,In Copyright,
Japan_00230,japan00230.jpg,,,Shinsekai Evening,Sean Murphy,2023:10:02 18:15:47,,,"Osaka, Japan",,,,,Image;StillImage,image/jpg,eng,In Copyright,
Japan_00231,japan00231.jpg,,,Interesting Pupa,Sean Murphy,2023:10:03 09:43:38,,,"Osaka, Japan",,,,,Image;StillImage,image/jpg,eng,In Copyright,
Japan_00232,japan00232.jpg,,,Osaka Castle,Sean Murphy,2023:10:03 09:50:47,,,"Osaka, Japan",,,,,Image;StillImage,image/jpg,eng,In Copyright,
Japan_00233,japan00233.jpg,,,Osaka Castle,Sean Murphy,2023:10:03 10:09:03,,,"Osaka, Japan",,,,,Image;StillImage,image/jpg,eng,In Copyright,
Japan_00234,japan00234.jpg,,,Osaka Castle,Sean Murphy,2023:10:03 10:10:13,,,"Osaka, Japan",,,,,Image;StillImage,image/jpg,eng,In Copyright,
Japan_00235,japan00235.jpg,,,Osaka Castle,Sean Murphy,2023:10:03 10:11:59,,,"Osaka, Japan",,,,,Image;StillImage,image/jpg,eng,In Copyright,
Japan_00236,japan00236.jpg,,,Osaka Castle,Sean Murphy,2023:10:03 10:12:38,,,"Osaka, Japan",,,,,Image;StillImage,image/jpg,eng,In Copyright,
Japan_00237,japan00237.jpg,,,Osaka Castle,Sean Murphy,2023:10:03 10:16:58,,,"Osaka, Japan",,,,,Image;StillImage,image/jpg,eng,In Copyright,
Japan_00238,japan00238.jpg,,,Osaka Castle,Sean Murphy,2023:10:03 10:16:59,,,"Osaka, Japan",,,,,Image;StillImage,image/jpg,eng,In Copyright,
Japan_00239,japan00239.jpg,,,Osaka Castle,Sean Murphy,2023:10:03 10:17:01,,,"Osaka, Japan",,,,,Image;StillImage,image/jpg,eng,In Copyright,
Japan_00240,japan00240.jpg,,,Osaka Castle,Sean Murphy,2023:10:03 10:22:36,,,"Osaka, Japan",,,,,Image;StillImage,image/jpg,eng,In Copyright,
Japan_00241,japan00241.jpg,,,Osaka Castle,Sean Murphy,2023:10:03 10:25:51,,,"Osaka, Japan",,,,,Image;StillImage,image/jpg,eng,In Copyright,
Japan_00242,japan00242.jpg,,,Osaka Castle,Sean Murphy,2023:10:03 10:27:06,,,"Osaka, Japan",,,,,Image;StillImage,image/jpg,eng,In Copyright,
Japan_00243,japan00243.jpg,,,Osaka Castle,Sean Murphy,2023:10:03 10:31:17,,,"Osaka, Japan",,,,,Image;StillImage,image/jpg,eng,In Copyright,
Japan_00244,japan00244.jpg,,,Osaka Castle,Sean Murphy,2023:10:03 10:32:15,,,"Osaka, Japan",,,,,Image;StillImage,image/jpg,eng,In Copyright,
Japan_00245,japan00245.jpg,,,Osaka Castle,Sean Murphy,2023:10:03 10:37:05,,,"Osaka, Japan",,,,,Image;StillImage,image/jpg,eng,In Copyright,
Japan_00246,japan00246.jpg,,,Minced Beef and Cheese Croquette,Sean Murphy,2023:10:03 10:54:55,,,"Osaka, Japan",,,,,Image;StillImage,image/jpg,eng,In Copyright,
Japan_00247,japan00247.jpg,,,Osaka Castle Moat,Sean Murphy,2023:10:03 11:27:36,,,"Osaka, Japan",,,,,Image;StillImage,image/jpg,eng,In Copyright,
Japan_00248,japan00248.jpg,,,Shin-Osaka Train Schedule,Sean Murphy,2023:10:03 13:36:17,,,"Osaka, Japan",,,,,Image;StillImage,image/jpg,eng,In Copyright,
Japan_00249,japan00249.jpg,,,Mt. Fuji,Sean Murphy,2023:10:03 16:22:18,,,Japan,,,,,Image;StillImage,image/jpg,eng,In Copyright,
Japan_00250,japan00250.jpg,,,Mt. Fuji,Sean Murphy,2023:10:03 16:22:37,,,Japan,,,,,Image;StillImage,image/jpg,eng,In Copyright,
Japan_00251,japan00251.jpg,,,Mt. Fuji,Sean Murphy,2023:10:03 16:22:39,,,Japan,,,,,Image;StillImage,image/jpg,eng,In Copyright,
Japan_00252,japan00252.jpg,,,Mt. Fuji,,,,,Japan,,,,,Image;StillImage,image/jpg,eng,In Copyright,
Japan_00253,japan00253.jpg,,,Tokyo Station,,2023:10:03 17:38:40,,,"Tokyo, Japan",,,,,Image;StillImage,image/jpg,eng,In Copyright,
Japan_00254,japan00254.jpg,,,Akihabara,,2023:10:03 18:05:56,,,"Tokyo, Japan",,,,,Image;StillImage,image/jpg,eng,In Copyright,
Japan_00255,japan00255.jpg,,,Akihabara,,2023:10:03 18:06:04,,,"Tokyo, Japan",,,,,Image;StillImage,image/jpg,eng,In Copyright,
Japan_00256,japan00256.jpg,,,Akihabara,,2023:10:03 18:06:05,,,"Tokyo, Japan",,,,,Image;StillImage,image/jpg,eng,In Copyright,
Japan_00257,japan00257.jpg,,,Monster Hunter Sakaba,,2023:10:03 18:40:57,,,"Akihabara, Tokyo, Japan",,,,,Image;StillImage,image/jpg,eng,In Copyright,
Japan_00258,japan00258.jpg,,,Monster Hunter Sakaba,,2023:10:03 18:57:31,,,"Akihabara, Tokyo, Japan",,,,,Image;StillImage,image/jpg,eng,In Copyright,
Japan_00259,japan00259.jpg,,,Monster Hunter Sakaba,,2023:10:03 18:57:51,,,"Akihabara, Tokyo, Japan",,,,,Image;StillImage,image/jpg,eng,In Copyright,
Japan_00260,japan00260.jpg,,,Monster Hunter Sakaba,,2023:10:03 18:58:09,,,"Akihabara, Tokyo, Japan",,,,,Image;StillImage,image/jpg,eng,In Copyright,
Japan_00261,japan00261.jpg,,,Monster Hunter Sakaba,,2023:10:03 18:58:15,,,"Akihabara, Tokyo, Japan",,,,,Image;StillImage,image/jpg,eng,In Copyright,
Japan_00262,japan00262.jpg,,,Monster Hunter Sakaba,,2023:10:03 18:58:24,,,"Akihabara, Tokyo, Japan",,,,,Image;StillImage,image/jpg,eng,In Copyright,
Japan_00263,japan00263.jpg,,,Monster Hunter Sakaba,,2023:10:03 18:59:07,,,"Akihabara, Tokyo, Japan",,,,,Image;StillImage,image/jpg,eng,In Copyright,
Japan_00264,japan00264.jpg,,,Monster Hunter Sakaba,,2023:10:03 19:01:11,,,"Akihabara, Tokyo, Japan",,,,,Image;StillImage,image/jpg,eng,In Copyright,
Japan_00265,japan00265.jpg,,,Monster Hunter Sakaba,,2023:10:03 19:01:15,,,"Akihabara, Tokyo, Japan",,,,,Image;StillImage,image/jpg,eng,In Copyright,
Japan_00266,japan00266.jpg,,,Monster Hunter Sakaba,,2023:10:03 19:01:16,,,"Akihabara, Tokyo, Japan",,,,,Image;StillImage,image/jpg,eng,In Copyright,
Japan_00267,japan00267.jpg,,,Monster Hunter Sakaba,,2023:10:03 19:13:57,,,"Akihabara, Tokyo, Japan",,,,,Image;StillImage,image/jpg,eng,In Copyright,
Japan_00268,japan00268.jpg,,,Monster Hunter Sakaba,,2023:10:03 19:14:22,,,"Akihabara, Tokyo, Japan",,,,,Image;StillImage,image/jpg,eng,In Copyright,
Japan_00269,japan00269.jpg,,,Monster Hunter Sakaba,,2023:10:03 19:14:55,,,"Akihabara, Tokyo, Japan",,,,,Image;StillImage,image/jpg,eng,In Copyright,
Japan_00270,japan00270.jpg,,,Monster Hunter Sakaba,,2023:10:03 19:15:03,,,"Akihabara, Tokyo, Japan",,,,,Image;StillImage,image/jpg,eng,In Copyright,
Japan_00271,japan00271.jpg,,,Monster Hunter Sakaba,,2023:10:03 19:15:26,,,"Akihabara, Tokyo, Japan",,,,,Image;StillImage,image/jpg,eng,In Copyright,
Japan_00272,japan00272.jpg,,,Monster Hunter Sakaba,,2023:10:03 19:34:41,,,"Akihabara, Tokyo, Japan",,,,,Image;StillImage,image/jpg,eng,In Copyright,
Japan_00273,japan00273.jpg,,,Monster Hunter Sakaba,,2023:10:03 19:41:51,,,"Akihabara, Tokyo, Japan",,,,,Image;StillImage,image/jpg,eng,In Copyright,
Japan_00274,japan00274.jpg,,,Monster Hunter Sakaba,,2023:10:03 19:50:05,,,"Akihabara, Tokyo, Japan",,,,,Image;StillImage,image/jpg,eng,In Copyright,
Japan_00275,japan00275.jpg,,,Monster Hunter Sakaba,,2023:10:03 20:00:00,,,"Akihabara, Tokyo, Japan",,,,,Image;StillImage,image/jpg,eng,In Copyright,
Japan_00276,japan00276.jpg,,,Monster Hunter Sakaba,,2023:10:03 20:00:20,,,"Akihabara, Tokyo, Japan",,,,,Image;StillImage,image/jpg,eng,In Copyright,
Japan_00277,japan00277.jpg,,,Monster Hunter Sakaba,,2023:10:03 20:05:16,,,"Akihabara, Tokyo, Japan",,,,,Image;StillImage,image/jpg,eng,In Copyright,
Japan_00278,japan00278.jpg,,,Monster Hunter Sakaba,,2023:10:03 20:05:32,,,"Akihabara, Tokyo, Japan",,,,,Image;StillImage,image/jpg,eng,In Copyright,
Japan_00279,japan00279.jpg,,,Monster Hunter Sakaba,,2023:10:03 20:24:07,,,"Akihabara, Tokyo, Japan",,,,,Image;StillImage,image/jpg,eng,In Copyright,
Japan_00280,japan00280.jpg,,,Monster Hunter Sakaba,,2023:10:03 20:24:15,,,"Akihabara, Tokyo, Japan",,,,,Image;StillImage,image/jpg,eng,In Copyright,
Japan_00281,japan00281.jpg,,,Monster Hunter Sakaba,,2023:10:03 20:24:30,,,"Akihabara, Tokyo, Japan",,,,,Image;StillImage,image/jpg,eng,In Copyright,
Japan_00282,japan00282.jpg,,,Monster Hunter Sakaba,,2023:10:03 20:53:14,,,"Akihabara, Tokyo, Japan",,,,,Image;StillImage,image/jpg,eng,In Copyright,
Japan_00283,japan00283.jpg,,,Monster Hunter Sakaba,,2023:10:03 20:57:20,,,"Akihabara, Tokyo, Japan",,,,,Image;StillImage,image/jpg,eng,In Copyright,
Japan_00284,japan00284.jpg,,,Monster Hunter Sakaba,,2023:10:03 20:59:54,,,"Akihabara, Tokyo, Japan",,,,,Image;StillImage,image/jpg,eng,In Copyright,
Japan_00285,japan00285.jpg,,,Monster Hunter Sakaba,,2023:10:03 21:00:16,,,"Akihabara, Tokyo, Japan",,,,,Image;StillImage,image/jpg,eng,In Copyright,
Japan_00286,japan00286.jpg,,,Akihabara from the Hitachino Nest Brewpub,,2023:10:03 21:10:06,,,"Akihabara, Tokyo, Japan",,,,,Image;StillImage,image/jpg,eng,In Copyright,
Japan_00287,japan00287.jpg,,,Akihabara from the Hitachino Nest Brewpub,,2023:10:03 21:10:27,,,"Akihabara, Tokyo, Japan",,,,,Image;StillImage,image/jpg,eng,In Copyright,
Japan_00288,japan00288.jpg,,,Akihabara from the Hitachino Nest Brewpub,,2023:10:03 21:10:31,,,"Akihabara, Tokyo, Japan",,,,,Image;StillImage,image/jpg,eng,In Copyright,
Japan_00289,japan00289.jpg,,,Akihabara,,2023:10:03 22:50:49,,,"Akihabara, Tokyo, Japan",,,,,Image;StillImage,image/jpg,eng,In Copyright,
Japan_00290,japan00290.jpg,,,Tokyo Disney Tram,,2023:10:04 09:46:05,,,"Tokyo Disney, Japan",,,,,Image;StillImage,image/jpg,eng,In Copyright,
Japan_00291,japan00291.jpg,,,Tokyo DisneySea Entrance,,2023:10:04 10:13:58,,,"Tokyo Disney, Japan",,,,,Image;StillImage,image/jpg,eng,In Copyright,
Japan_00292,japan00292.jpg,,,Tokyo DisneySea Entrance,,2023:10:04 10:14:05,,,"Tokyo Disney, Japan",,,,,Image;StillImage,image/jpg,eng,In Copyright,
Japan_00293,japan00293.jpg,,,Tokyo DisneySea Entrance,,2023:10:04 10:14:15,,,"Tokyo Disney, Japan",,,,,Image;StillImage,image/jpg,eng,In Copyright,
Japan_00294,japan00294.jpg,,,Tokyo DisneySea Entrance,,2023:10:04 10:15:29,,,"Tokyo Disney, Japan",,,,,Image;StillImage,image/jpg,eng,In Copyright,
Japan_00295,japan00295.jpg,,,Tokyo DisneySea Entrance,,2023:10:04 10:15:30,,,"Tokyo Disney, Japan",,,,,Image;StillImage,image/jpg,eng,In Copyright,
Japan_00296,japan00296.jpg,,,Tokyo DisneySea Entrance,,2023:10:04 10:15:31,,,"Tokyo Disney, Japan",,,,,Image;StillImage,image/jpg,eng,In Copyright,
Japan_00297,japan00297.jpg,,,Tokyo DisneySea Entrance,,2023:10:04 10:15:32,,,"Tokyo Disney, Japan",,,,,Image;StillImage,image/jpg,eng,In Copyright,
Japan_00298,japan00298.jpg,,,Tokyo DisneySea Entrance,,2023:10:04 10:15:33,,,"Tokyo Disney, Japan",,,,,Image;StillImage,image/jpg,eng,In Copyright,
Japan_00299,japan00299.jpg,,,Tokyo DisneySea Entrance,,2023:10:04 10:16:00,,,"Tokyo Disney, Japan",,,,,Image;StillImage,image/jpg,eng,In Copyright,
Japan_00300,japan00300.jpg,,,Tokyo DisneySea Entrance,,2023:10:04 10:16:06,,,"Tokyo Disney, Japan",,,,,Image;StillImage,image/jpg,eng,In Copyright,
Japan_00301,japan00301.jpg,,,Tokyo DisneySea Entrance,,2023:10:04 10:16:09,,,"Tokyo Disney, Japan",,,,,Image;StillImage,image/jpg,eng,In Copyright,
Japan_00302,japan00302.jpg,,,Tokyo DisneySea Halloween,,2023:10:04 10:25:33,,,"Tokyo Disney, Japan",,,,,Image;StillImage,image/jpg,eng,In Copyright,
Japan_00303,japan00303.jpg,,,Tokyo DisneySea ,,2023:10:04 10:25:34,,,"Tokyo Disney, Japan",,,,,Image;StillImage,image/jpg,eng,In Copyright,
Japan_00304,japan00304.jpg,,,Tokyo DisneySea ,,2023:10:04 10:26:47,,,"Tokyo Disney, Japan",,,,,Image;StillImage,image/jpg,eng,In Copyright,
Japan_00305,japan00305.jpg,,,Tokyo DisneySea ,,2023:10:04 10:27:01,,,"Tokyo Disney, Japan",,,,,Image;StillImage,image/jpg,eng,In Copyright,
Japan_00306,japan00306.jpg,,,DisneySea – Ariel’s Grotto,,2023:10:04 15:02:27,,,"Tokyo Disney, Japan",,,,,Image;StillImage,image/jpg,eng,In Copyright,
Japan_00307,japan00307.jpg,,,DisneySea – Mysterious Island,,2023:10:04 15:39:25,,,"Tokyo Disney, Japan",,,,,Image;StillImage,image/jpg,eng,In Copyright,
Japan_00308,japan00308.jpg,,,Tokyo Bay,,2023:10:04 16:12:36,,,"Tokyo Disney, Japan",,,,,Image;StillImage,image/jpg,eng,In Copyright,
Japan_00309,japan00309.jpg,,,Tokyo DisneySea ,,2023:10:04 16:13:11,,,"Tokyo Disney, Japan",,,,,Image;StillImage,image/jpg,eng,In Copyright,
Japan_00310,japan00310.jpg,,,Tokyo Disney – Alien Mochi,,2023:10:04 18:40:21,,,"Tokyo Disney, Japan",,,,,Image;StillImage,image/jpg,eng,In Copyright,
Japan_00311,japan00311.jpg,,,Akihabara – KFC Order,,2023:10:05 12:19:42,,,"Tokyo Disney, Japan",,,,,Image;StillImage,image/jpg,eng,In Copyright,
Japan_00312,japan00312.jpg,,,Akihabara – KFC Meal,,2023:10:05 13:16:05,,,"Akihabara, Tokyo, Japan",,,,,Image;StillImage,image/jpg,eng,In Copyright,
Japan_00313,japan00313.jpg,,,"Asakusa, Tokyo",,2023:10:05 16:23:54,,,"Asakusa, Tokyo, Japan",,,,,Image;StillImage,image/jpg,eng,In Copyright,
Japan_00314,japan00314.jpg,,,Kappa Statue,,2023:10:05 16:25:37,,,"Asakusa, Tokyo, Japan",,,,,Image;StillImage,image/jpg,eng,In Copyright,
Japan_00315,japan00315.jpg,,,Senso-Ji Temple Grounds,,2023:10:05 16:40:47,,,"Asakusa, Tokyo, Japan",,,,,Image;StillImage,image/jpg,eng,In Copyright,
Japan_00316,japan00316.jpg,,,Senso-Ji ,,2023:10:05 16:41:07,,,"Asakusa, Tokyo, Japan",,,,,Image;StillImage,image/jpg,eng,In Copyright,
Japan_00317,japan00317.jpg,,,Senso-Ji ,,2023:10:05 16:42:35,,,"Asakusa, Tokyo, Japan",,,,,Image;StillImage,image/jpg,eng,In Copyright,
Japan_00318,japan00318.jpg,,,Senso-Ji ,,2023:10:05 16:43:46,,,"Asakusa, Tokyo, Japan",,,,,Image;StillImage,image/jpg,eng,In Copyright,
Japan_00319,japan00319.jpg,,,Senso-Ji ,,2023:10:05 16:47:58,,,"Asakusa, Tokyo, Japan",,,,,Image;StillImage,image/jpg,eng,In Copyright,
Japan_00320,japan00320.jpg,,,Senso-Ji ,,2023:10:05 16:51:56,,,"Asakusa, Tokyo, Japan",,,,,Image;StillImage,image/jpg,eng,In Copyright,
Japan_00321,japan00321.jpg,,,Senso-Ji ,,2023:10:05 16:55:11,,,"Asakusa, Tokyo, Japan",,,,,Image;StillImage,image/jpg,eng,In Copyright,
Japan_00322,japan00322.jpg,,,Senso-Ji ,,2023:10:05 16:56:51,,,"Asakusa, Tokyo, Japan",,,,,Image;StillImage,image/jpg,eng,In Copyright,
Japan_00323,japan00323.jpg,,,Senso-Ji ,,2023:10:05 17:07:07,,,"Asakusa, Tokyo, Japan",,,,,Image;StillImage,image/jpg,eng,In Copyright,
Japan_00324,japan00324.jpg,,,Senso-Ji ,,2023:10:05 17:09:35,,,"Asakusa, Tokyo, Japan",,,,,Image;StillImage,image/jpg,eng,In Copyright,
Japan_00325,japan00325.jpg,,,Senso-Ji ,,2023:10:05 17:11:27,,,"Asakusa, Tokyo, Japan",,,,,Image;StillImage,image/jpg,eng,In Copyright,
